,Unnamed: 0,Unnamed: 0.1_x,S1501_C01_025E,S1501_C01_026E,S1501_C01_027E,S1903_C03_014E,S1903_C03_001E,S2301_C03_010E,S2301_C02_011E,S0101_C01_015E,S0101_C01_016E,S0101_C01_017E,S0101_C01_018E,S0101_C01_019E,S1701_C01_001E,S1701_C02_001E,S1701_C01_010E,S1701_C02_010E,S0101_C01_033E,S0101_C03_030E,S0101_C05_030E,S1810_C03_026E,S1810_C03_036E,S1810_C03_044E,S1810_C03_052E,S1810_C03_060E,S1810_C03_067E,S2101_C03_012E,S2101_C03_013E,S2201_C03_001E,S2201_C01_001E,S2701_C01_013E,S2701_C04_013E,state,fips,Unnamed: 0.1_y,B02001_002E,B02001_003E,B02001_004E,B02001_005E,B02001_006E,B02001_007E,B02001_008E,B02001_001E,B01001A_014E,B01001A_015E,B01001A_016E,B01001A_029E,B01001A_030E,B01001A_031E,B01001B_014E,B01001B_015E,B01001B_016E,B01001B_029E,B01001B_030E,B01001B_031E,B01001C_014E,B01001C_015E,B01001C_016E,B01001C_029E,B01001C_030E,B01001C_031E,B01001D_014E,B01001D_015E,B01001D_016E,B01001D_029E,B01001D_030E,B01001D_031E,B01001E_014E,B01001E_015E,B01001E_016E,B01001E_029E,B01001E_030E,B01001E_031E,B01001F_014E,B01001F_015E,B01001F_016E,B01001F_029E,B01001F_030E,B01001F_031E,B01001G_014E,B01001G_015E,B01001G_016E,B01001G_029E,B01001G_030E,B01001G_031E,B01001I_014E,B01001I_015E,B01001I_016E,B01001I_029E,B01001I_030E,B01001I_031E,year,population_all,population_65,income_median_house_65,income_median_house_all,per_poverty_all,per_poverty_65,per_male_all,per_hear_diffi_65,per_vision_diffi_65,per_cog_diffi_65,per_ambu_diffi_65,per_selfCare_diffi_65,per_indeLive_diffi_65,per_oneRace_white_all,per_oneRace_baa_all,per_oneRace_aian_all,per_oneRace_asian_all,per_oneRace_nhopi_all,per_oneRace_other_all,per_twoRace_over_all,per_male_65
0,0,"Alaska: Summary level: 040, state:02",88000,78501,28693,59339,74346,28.1,8.9,37327,22303,12674,8326,7370,720869,78620,86398,5829,108.0,44317,43683,20.2,9.2,9.5,21.7,7.7,13.1,14805,7949,27815,254551,86398,636,Alaska,2,"Alaska: Summary level: 040, state:02",474555,25197,111371,46381,7958,9780,62196,737438,23457,7778,2674,20908,8187,2810,919.0,141.0,124.0,784.0,176.0,269.0,3509.0,1265.0,262.0,3773.0,1535.0,441.0,2062.0,302.0,168.0,1807.0,899.0,376.0,187.0,0.0,0.0,115.0,0.0,0.0,,,,,,,570,278,208,1076,180,24,812,537,0,914,350,0,2018,737438,88000,59339,74346,0.10906281168977998,0.06746683951017385,0.5192307692307693,0.20199999999999999,0.092,0.095,0.217,0.077,0.131,0.6435185059625351,0.03416829618218752,0.15102422169728166,0.06289477895090842,0.010791415685115224,0.013262131867356985,0.08434064965461503,0.38532954545454545
1,1,"Maine: Summary level: 040, state:23",276069,247476,83544,40435,55602,26.6,6.6,92398,71555,45849,31418,34849,1301941,151541,267600,24261,96.1,124873,151196,16.9,5.1,8.0,19.2,5.6,11.3,30027,25673,73727,570307,267600,371,Maine,23,"Maine: Summary level: 040, state:23",1261453,18954,8566,15683,465,3264,30019,1338404,76520,33553,12650,83418,42499,21971,537.0,167.0,0.0,134.0,85.0,0.0,223.0,94.0,0.0,213.0,138.0,41.0,337.0,0.0,0.0,1082.0,236.0,167.0,,,,,,,,,,,,,469,276,0,952,211,20,346,178,0,780,410,234,2018,1338404,276069,40435,55602,0.11639621150267178,0.09066143497757848,0.49005609382967874,0.16899999999999998,0.051,0.08,0.192,0.055999999999999994,0.113,0.94250540195636,0.01416164327064175,0.006400160190794409,0.011717687633928171,0.00034742872854534205,0.002438725526821498,0.022428952692908868,0.44453741637054506
2,2,"North Carolina: Summary level: 040, state:37",1688574,1430755,453837,41169,53855,23.1,6.8,557841,456155,307710,187801,179067,10100431,1417873,1649045,142973,94.8,737862,950712,14.4,6.2,8.7,21.2,7.1,13.6,167641,129326,465045,4011462,1649045,8991,North Carolina,37,"North Carolina: Summary level: 040, state:37",7098569,2222533,120845,306682,10218,326630,298143,10383620,367806,176776,51000,418363,225137,98724,76790.0,29285.0,7081.0,106734.0,48174.0,17702.0,4619.0,2261.0,38.0,5787.0,2646.0,678.0,8487.0,1952.0,478.0,10652.0,2963.0,1130.0,439.0,95.0,0.0,349.0,77.0,0.0,2365.0,926.0,381.0,3295.0,1194.0,676.0,4502,2026,555,3808,1999,624,10492,3351,1432,11946,5345,2469,2018,10383620,1688574,41169,53855,0.14037747498101813,0.0867004842196544,0.48665297741273095,0.14400000000000002,0.062,0.087,0.212,0.071,0.136,0.6836314310423532,0.2140422126387522,0.011638041453751196,0.02953517174164694,0.00098404987855873,0.03145627440141299,0.028712818843524706,0.35271299925262384
3,3,"Missouri: Summary level: 040, state:29",1035074,900458,241853,41038,54478,23.9,6.4,325747,270876,189386,124260,124805,5943658,786330,998152,82040,96.2,456820,578254,15.8,6.5,8.5,23.1,7.4,13.8,111167,89618,260185,2434806,998152,5233,Missouri,29,"Missouri: Summary level: 040, state:29",5035197,704327,27705,121417,7385,56557,173864,6126452,247844,125237,39544,279633,160457,73264,21012.0,8533.0,2735.0,29161.0,12337.0,7281.0,837.0,455.0,207.0,1186.0,475.0,104.0,2820.0,1558.0,188.0,5003.0,1765.0,246.0,245.0,28.0,0.0,341.0,0.0,0.0,1131.0,356.0,43.0,688.0,209.0,182.0,2527,872,648,4195,1364,363,4820,1586,640,6391,1655,407,2018,6126452,1035074,41038,54478,0.13229731589536275,0.0821918906138544,0.490316004077472,0.158,0.065,0.085,0.231,0.07400000000000001,0.138,0.8218781441526025,0.11496490954307648,0.004522193269448614,0.019818485479034195,0.001205428525352031,0.009231607462198348,0.02837923156828781,0.3986429955732634
4,4,"Pennsylvania: Summary level: 040, state:42",2332369,2035669,569760,41762,60905,25.7,7.3,738871,572288,416388,291182,313640,12394000,1517870,2254045,187159,96.0,1020825,1311544,13.7,5.5,7.8,20.8,7.0,13.9,213114,212748,679656,5070931,2254045,8284,Pennsylvania,42,"Pennsylvania: Summary level: 040, state:42",10256084,1428406,21418,455027,5008,307572,333545,12807060,550398,271907,99640,610197,366123,188220,40841.0,19140.0,5071.0,58945.0,29999.0,14590.0,802.0,59.0,0.0,198.0,234.0,61.0,14115.0,5016.0,1493.0,16277.0,7129.0,1889.0,,,,,,,5180.0,1322.0,597.0,5689.0,2932.0,960.0,3534,985,532,4676,2492,587,15685,5682,1859,18452,8237,2307,2018,12807060,2332369,41762,60905,0.12246812974019687,0.08303250378763512,0.4897959183673469,0.13699999999999998,0.055,0.078,0.20800000000000002,0.07,0.139,0.8008148630520978,0.11153270149433203,0.0016723588395775456,0.03552938769709832,0.00039103432013280173,0.024015816276335086,0.02604383832042639,0.39528265038679555
5,5,"Michigan: Summary level: 040, state:26",1720453,1522902,425717,42816,56697,21.1,6.1,571074,438112,307120,199854,204293,9774124,1373349,1680663,151051,97.2,769203,951250,14.7,5.4,8.1,21.1,7.6,13.9,160392,135413,498793,3957466,1680663,5241,Michigan,26,"Michigan: Summary level: 040, state:26",7825285,1376751,53012,325828,3907,118467,292665,9995915,412088,196886,62833,448439,246783,117571,46449.0,19419.0,5220.0,63186.0,29295.0,14087.0,2411.0,470.0,170.0,1953.0,588.0,125.0,8458.0,3585.0,1004.0,10719.0,4784.0,1126.0,,,,,,,2392.0,579.0,124.0,2113.0,771.0,114.0,4846,1457,584,5925,2298,1335,10277,3983,1208,10638,5115,1670,2018,9995915,1720453,42816,56697,0.1405086532562918,0.08987584066526128,0.4929006085192698,0.147,0.054000000000000006,0.081,0.21100000000000002,0.076,0.139,0.7828482935279062,0.13773136326189248,0.005303366425184688,0.032596115513187134,0.0003908596661736319,0.011851541354643372,0.02927846025101254,0.39048262289059915
6,6,"Nebraska: Summary level: 040, state:31",303998,274295,77664,42851,59566,33.3,8.4,101512,71341,50933,38260,41952,1875342,206341,292316,22110,99.3,136845,167153,15.8,5.8,6.6,20.0,6.1,11.6,30416,27223,64082,765490,292316,928,Nebraska,31,"Nebraska: Summary level: 040, state:31",1666990,91221,18555,45779,1289,46473,58961,1929268,78048,38061,14037,84569,46950,26652,2135.0,808.0,392.0,2131.0,1211.0,521.0,417.0,156.0,0.0,756.0,54.0,24.0,853.0,319.0,41.0,1524.0,297.0,232.0,,,,,,,335.0,171.0,32.0,498.0,261.0,0.0,508,529,0,1055,373,21,2576,1089,745,3232,981,220,2018,1929268,303998,42851,59566,0.11002846414147392,0.07563732399184445,0.4982438534872052,0.158,0.057999999999999996,0.066,0.2,0.061,0.11599999999999999,0.8640531020055275,0.04728269996703413,0.009617637362979119,0.023728688808397798,0.0006681290520549763,0.02408841073401933,0.030561332069987165,0.42811465864907006
7,7,"Oregon: Summary level: 040, state:41",739611,678185,235906,47314,63426,21.6,6.5,259612,187984,128833,81800,81382,4113142,516570,728431,57589,98.5,340780,398831,16.1,5.7,8.1,20.0,6.8,12.9,81750,69888,241059,1639970,728431,4188,Oregon,41,"Oregon: Summary level: 040, state:41",3514983,82046,49051,190680,18758,137973,197222,4190713,197865,90858,27373,215090,105882,49293,2340.0,1011.0,187.0,2547.0,1223.0,247.0,2100.0,1285.0,228.0,1748.0,386.0,346.0,5963.0,2116.0,392.0,7976.0,2556.0,1700.0,127.0,40.0,0.0,310.0,299.0,45.0,1169.0,1711.0,182.0,2039.0,444.0,282.0,4339,1156,338,3983,1666,769,7731,4313,1120,7823,4267,1202,2018,4190713,739611,47314,63426,0.12559012064256472,0.07905896371790877,0.49622166246851385,0.161,0.057,0.081,0.2,0.068,0.129,0.8387553621543637,0.01957805270845319,0.011704690824687827,0.04550061051663524,0.004476087959256575,0.03292351444730288,0.04706168138930058,0.4273814207738933
8,8,"Wyoming: Summary level: 040, state:56",96557,87458,23971,44870,61584,28.4,9.3,35859,23608,17470,10362,9258,563374,62301,94202,6851,102.6,46060,50497,18.8,6.2,6.6,17.4,3.8,8.6,13600,8217,11545,230252,94202,185,Wyoming,56,"Wyoming: Summary level: 040, state:56",528453,3667,16185,5807,1111,8798,13716,577737,27966,12432,3628,28106,14643,5457,,,,,,,273.0,118.0,23.0,1098.0,111.0,36.0,,,,,,,,,,,,,,,,,,,287,52,0,102,174,0,1674,548,115,1921,517,477,2018,577737,96557,44870,61584,0.11058550802841452,0.07272669370077069,0.506416584402764,0.188,0.062,0.066,0.174,0.038,0.086,0.9146947486486066,0.006347178733576004,0.028014477175600662,0.010051286311937784,0.0019230203362429618,0.015228382464685488,0.023740906329350553,0.4559586565448388
9,9,"California: Summary level: 040, state:06",5667337,4570203,1825043,54272,75277,26.3,7.0,1856655,1429806,975951,675345,729580,38818454,4969326,5572308,586529,98.9,2521517,3145820,13.4,6.1,9.4,21.7,9.7,16.1,389129,403245,1114465,13072122,5572308,58804,California,6,"California: Summary level: 040, state:06",23535388,2283850,302792,5821585,155739,5453229,2004462,39557045,1064054,508899,198372,1182648,650125,324687,78902.0,34870.0,12228.0,97363.0,52347.0,21259.0,10663.0,4454.0,1339.0,12500.0,5088.0,2129.0,230201.0,115566.0,40774.0,293979.0,146566.0,77771.0,4930.0,2706.0,824.0,4889.0,3730.0,522.0,108382.0,41898.0,14243.0,125224.0,56789.0,23715.0,33095,11028,4089,39631,17230,7628,321038,131950,47041,380782,190219,79521,2018,39557045,5667337,54272,75277,0.12801452628690468,0.10525782135517275,0.4972347913524384,0.134,0.061,0.094,0.217,0.09699999999999999,0.161,0.5949733606238787,0.05773560689379098,0.00765456570378298,0.14716936009755027,0.003937073661594287,0.13785733995044372,0.05067269306895902,0.3125497919040283
10,10,"Mississippi: Summary level: 040, state:28",474423,379031,98986,36415,44717,21.0,6.0,155567,128789,89936,53771,46360,2886448,567645,461025,57037,94.0,205669,268754,14.9,9.2,10.3,27.0,9.4,16.9,39330,31546,164100,1108630,461025,1200,Mississippi,28,"Mississippi: Summary level: 040, state:28",1735455,1135599,13234,26142,1372,29778,44950,2986530,91602,46848,12397,101707,61947,23688,38761.0,10799.0,3125.0,48646.0,22196.0,6785.0,317.0,364.0,0.0,252.0,75.0,0.0,272.0,343.0,12.0,1106.0,330.0,166.0,,,,,,,270.0,0.0,28.0,180.0,0.0,45.0,278,209,0,965,596,70,1294,613,312,1001,521,191,2018,2986530,474423,36415,44717,0.19665866144132857,0.12371780272219511,0.4845360824742268,0.149,0.092,0.10300000000000001,0.27,0.094,0.16899999999999998,0.5810941125654188,0.3802402788520457,0.004431229554030932,0.008753302327450252,0.00045939602146973245,0.00997076875169511,0.015050911927889557,0.31795886793009615
11,11,"Connecticut: Summary level: 040, state:09",613147,535509,206383,54629,76348,31.2,9.6,187057,156003,112448,69943,87696,3468263,361377,592201,47078,95.0,267872,345275,12.0,4.9,7.5,18.2,6.9,12.8,45626,49873,154161,1378091,592201,3805,Connecticut,9,"Connecticut: Summary level: 040, state:09",2688136,391552,9507,165855,1017,195208,121390,3572665,139494,70327,27142,156265,90653,54582,10665.0,4648.0,874.0,14935.0,8052.0,2764.0,289.0,254.0,0.0,307.0,94.0,0.0,5077.0,1083.0,519.0,5129.0,2328.0,478.0,,,,,,,3541.0,1424.0,680.0,4434.0,2464.0,283.0,1198,547,110,1726,517,264,10570,4784,1236,12528,6844,1677,2018,3572665,613147,54629,76348,0.10419538541338993,0.07949665738490816,0.48717948717948717,0.12,0.049,0.075,0.182,0.069,0.128,0.7524175930292932,0.10959661765096923,0.002661038748385309,0.04642332824376201,0.0002846614502059387,0.05463932386607757,0.033977437011306684,0.3864701286967073
12,12,"Texas: Summary level: 040, state:48",3599599,2880131,986108,44319,60629,27.3,8.0,1231266,943028,627484,414886,382935,28074573,4180675,3514628,391187,98.6,1605880,1993719,15.2,7.5,9.6,23.8,8.8,14.9,341826,266691,1166233,9776083,3514628,68092,Texas,48,"Texas: Summary level: 040, state:48",21099066,3527027,149997,1430857,21463,1709445,763990,28701845,825811,388407,114801,923220,486003,215714,94828.0,32136.0,9306.0,125128.0,52426.0,18947.0,5455.0,1500.0,106.0,4963.0,1631.0,690.0,42325.0,18172.0,2629.0,53716.0,21256.0,6282.0,683.0,480.0,0.0,680.0,110.0,90.0,34821.0,14546.0,3650.0,38485.0,16501.0,6617.0,11025,3810,1389,13154,5392,2714,241315,101242,24186,278520,128864,58294,2018,28701845,3599599,44319,60629,0.1489132176649668,0.11130253329797635,0.49647532729103727,0.152,0.075,0.096,0.23800000000000002,0.08800000000000001,0.149,0.7351118368871409,0.12288502707752759,0.005226040346883624,0.04985243979960173,0.0007477916489340668,0.05955871477948543,0.026618149460426673,0.3692130706781505
13,13,"Idaho: Summary level: 040, state:16",279441,256615,71439,42678,55583,22.3,6.5,96524,71873,52724,28617,29703,1723154,203264,274610,23668,101.2,132466,146975,18.7,6.2,8.7,18.9,6.9,11.9,34026,26967,56753,640270,274610,729,Idaho,16,"Idaho: Summary level: 040, state:16",1576846,12075,23026,27026,2763,59217,53255,1754208,77320,37374,10217,81214,39752,18254,594.0,312.0,0.0,0.0,0.0,69.0,764.0,642.0,321.0,1162.0,593.0,61.0,652.0,316.0,14.0,1559.0,766.0,658.0,,,,,,,2122.0,305.0,0.0,798.0,390.0,53.0,963,498,52,1249,332,4,3541,1260,176,2792,1435,314,2018,1754208,279441,42678,55583,0.11796043766256527,0.08618768435235424,0.5029821073558649,0.187,0.062,0.087,0.18899999999999997,0.069,0.11900000000000001,0.8988934037468761,0.006883448256991189,0.013126151516809865,0.015406382823473614,0.001575069775077984,0.033757114321676794,0.030358429559094475,0.4470031240941737
14,14,"Maryland: Summary level: 040, state:24",931041,807120,331232,59536,83242,30.7,8.4,303106,243336,169159,106925,108515,5899819,528203,908142,66432,94.2,401479,529562,11.8,5.1,7.9,19.4,7.1,12.9,82057,78147,208654,2215935,908142,7939,Maryland,24,"Maryland: Summary level: 040, state:24",3305047,1810885,13433,378985,7311,304042,223015,6042718,168167,81705,29679,188450,109285,51008,59198.0,23837.0,6706.0,85041.0,39409.0,14471.0,1011.0,1060.0,17.0,295.0,147.0,171.0,12631.0,6531.0,1651.0,16644.0,8521.0,3119.0,,,,,,,2811.0,1033.0,0.0,3556.0,998.0,766.0,3883,1211,282,4636,2097,645,8473,3759,475,11423,5250,2271,2018,6042718,931041,59536,83242,0.089528678761162,0.07315155559372874,0.48506694129763134,0.11800000000000001,0.051,0.079,0.19399999999999998,0.071,0.129,0.5469470857319504,0.299680541107495,0.0022230062696951933,0.0627176379900568,0.0012098860148694677,0.05031543752331318,0.03690640536261993,0.30025637968682367
15,15,"New Mexico: Summary level: 040, state:35",368480,306557,116831,39989,47169,20.5,6.0,122403,98806,63948,42588,40735,2051759,399456,363241,48423,98.5,168325,200155,19.4,7.9,10.2,24.4,8.2,16.1,40562,31914,137059,794093,363241,3427,New Mexico,35,"New Mexico: Summary level: 040, state:35",1599938,46064,200659,34155,2465,144961,67186,2095428,86713,43019,11848,98217,47464,22626,2675.0,855.0,437.0,1425.0,1256.0,577.0,6654.0,1629.0,784.0,7554.0,4026.0,1401.0,1631.0,497.0,45.0,1470.0,720.0,20.0,,,,,,,5166.0,2601.0,1008.0,6413.0,2462.0,1523.0,1789,505,341,1422,1121,125,33209,14814,5627,39629,18731,8199,2018,2095428,368480,39989,47169,0.1946895322501327,0.13330818932884778,0.49622166246851385,0.19399999999999998,0.079,0.102,0.244,0.08199999999999999,0.161,0.7635375684585679,0.021983098440986757,0.09576038880839619,0.016299772647879098,0.0011763706507691984,0.06917966162521451,0.032063139368186354,0.3842270950933565
16,16,"Alabama: Summary level: 040, state:01",829663,685342,187352,37977,49861,20.4,6.3,269845,223551,152542,98483,85242,4763828,800422,812054,83248,94.1,360970,468693,15.4,7.0,10.2,25.4,9.0,16.4,86744,64382,247434,1855184,812054,2352,Alabama,1,"Alabama: Summary level: 040, state:01",3306838,1307040,22063,65095,1797,84027,101011,4887871,176040,88564,22533,198999,115842,44945,45095.0,16304.0,4029.0,60869.0,25250.0,11966.0,1509.0,349.0,273.0,548.0,210.0,0.0,2070.0,403.0,177.0,2719.0,1369.0,288.0,,,,,,,337.0,164.0,0.0,568.0,349.0,338.0,1996,962,122,2549,1259,571,3288,544,312,3423,1850,890,2018,4887871,829663,37977,49861,0.16802075977554184,0.10251534996441124,0.48480164863472436,0.154,0.07,0.102,0.254,0.09,0.16399999999999998,0.6765395404256782,0.267404765796806,0.004513826162760842,0.013317659160808458,0.0003676447271214809,0.017190920136803938,0.020665643590021095,0.3460887131281014
17,17,"Tennessee: Summary level: 040, state:47",1104797,907962,254033,39933,52375,23.6,7.1,366664,291896,202763,130012,113462,6603013,1011016,1076649,98654,95.2,489258,615539,16.1,7.3,9.7,24.1,8.1,15.2,113201,91331,337798,2603140,1076649,4739,Tennessee,47,"Tennessee: Summary level: 040, state:47",5235588,1137801,19136,119046,5494,101153,151792,6770010,266552,130140,33619,298978,164857,66755,32956.0,13268.0,2276.0,44534.0,19276.0,8960.0,583.0,235.0,0.0,659.0,56.0,120.0,3358.0,710.0,440.0,4576.0,1581.0,414.0,,,,,,,893.0,175.0,131.0,923.0,251.0,0.0,2683,944,295,1738,1282,385,4364,2108,158,4814,1261,1083,2018,6770010,1104797,39933,52375,0.15311434340656305,0.09163060570343724,0.4877049180327869,0.161,0.073,0.09699999999999999,0.24100000000000002,0.081,0.152,0.7733501132199214,0.16806489207549177,0.0028265837125794496,0.01758431671445094,0.0008115202193202078,0.014941336866562974,0.022421237191673278,0.38949327342489165
18,18,"Vermont: Summary level: 040, state:50",123875,112201,43647,44302,60782,34.1,9.5,43128,32627,21829,13142,13149,601261,66013,120565,11206,96.8,56776,67099,16.1,5.5,8.3,16.8,5.9,11.0,10745,9884,27163,261373,120565,640,Vermont,50,"Vermont: Summary level: 040, state:50",589337,7621,1743,11859,139,2815,12785,626299,34345,15788,4148,36832,18719,8651,652.0,0.0,0.0,694.0,51.0,0.0,,,,,,,598.0,22.0,21.0,619.0,253.0,13.0,,,,,,,,,,,,,790,30,66,546,108,132,242,0,0,532,241,0,2018,626299,123875,44302,60782,0.10979092274403296,0.0929457139302451,0.49186991869918695,0.161,0.055,0.083,0.168,0.059000000000000004,0.11,0.9409834599767842,0.01216830938577261,0.002783015780002842,0.01893504540163724,0.0002219387225590333,0.004494658302184739,0.020413572431059287,0.43819172552976793
19,19,"Nevada: Summary level: 040, state:32",475120,415755,125848,46406,58646,23.3,6.3,158429,133567,86017,52827,44280,2991978,387327,470624,46171,100.7,223916,251204,14.7,7.0,8.1,21.7,7.8,12.7,56034,44122,126476,1129810,470624,6473,Nevada,32,"Nevada: Summary level: 040, state:32",1924976,280385,44666,250137,19612,358786,155830,3034392,110663,52392,15876,113398,56345,20449,9085.0,4459.0,576.0,10613.0,5038.0,1515.0,867.0,736.0,223.0,1601.0,415.0,385.0,11621.0,5761.0,1020.0,17286.0,7898.0,1818.0,522.0,262.0,44.0,812.0,62.0,0.0,4596.0,1563.0,762.0,6667.0,2092.0,854.0,1695,818,375,2570,1003,383,15429,5543,2820,18301,8174,2701,2018,3034392,475120,46406,58646,0.12945516310614583,0.09810591895015978,0.5017438963627305,0.147,0.07,0.081,0.217,0.078,0.127,0.634386064819575,0.0924023659434905,0.014719917532078915,0.08243397688894513,0.006463238764141219,0.11823983190042683,0.051354604151342347,0.3766017006230005
20,20,"West Virginia: Summary level: 040, state:54",361216,297867,66425,36147,44097,19.1,6.2,127674,87616,64656,41051,40219,1753476,312188,351987,35163,98.2,164728,196488,18.9,8.8,10.4,26.1,8.7,17.0,38692,30565,122014,734703,351987,1436,West Virginia,54,"West Virginia: Summary level: 040, state:54",1679773,68679,2629,13459,451,6430,34411,1805832,98213,45807,13071,106606,56329,25718,4023.0,1267.0,415.0,3206.0,1502.0,586.0,,,,,,,444.0,126.0,39.0,908.0,19.0,102.0,,,,,,,,,,,,,794,60,138,469,327,36,420,229,106,922,443,198,2018,1805832,361216,36147,44097,0.17803950553072867,0.09989857579967441,0.4954591321897074,0.18899999999999997,0.08800000000000001,0.10400000000000001,0.261,0.087,0.17,0.930193395620412,0.03803177704238268,0.0014558386383672457,0.007453074261614591,0.00024974637729312585,0.003560685600875386,0.019055482459054883,0.43489491052445073
21,21,"Oklahoma: Summary level: 040, state:40",619601,539930,152353,40928,51924,25.0,8.4,199393,162446,109524,75655,72583,3825027,596949,600665,52362,97.8,275737,343864,19.9,8.8,10.2,28.1,8.4,15.6,73308,56260,185838,1485310,600665,4124,Oklahoma,40,"Oklahoma: Summary level: 040, state:40",2845906,287680,307183,84694,3859,110013,303744,3943079,140238,70654,23359,156532,89436,41453,9323.0,2993.0,941.0,11885.0,4405.0,2383.0,9560.0,3261.0,752.0,10973.0,5022.0,1740.0,2086.0,758.0,0.0,4242.0,961.0,282.0,,,,,,,1553.0,455.0,67.0,1862.0,593.0,143.0,6169,2859,542,7204,3696,921,5542,1609,357,5355,2160,556,2018,3943079,619601,40928,51924,0.15606399641100574,0.08717338283402562,0.49443882709807885,0.19899999999999998,0.08800000000000001,0.102,0.281,0.084,0.156,0.7217471422713062,0.07295821361935685,0.07790434835315245,0.021479153727328313,0.0009786768157574322,0.027900277930013574,0.07703218728308513,0.37806749827711705
22,22,"Wisconsin: Summary level: 040, state:55",986483,888179,242746,41362,60773,23.6,6.2,328703,242969,170480,119576,124755,5665153,625826,961435,76035,98.9,449922,536561,13.5,4.7,6.3,17.4,6.1,11.2,97675,85934,238242,2371960,961435,2632,Wisconsin,55,"Wisconsin: Summary level: 040, state:55",4957243,370632,50364,165380,1961,121475,146513,5813568,261202,124615,40539,274311,150840,78979,8155.0,2761.0,988.0,11813.0,4758.0,1886.0,1873.0,649.0,88.0,1615.0,582.0,173.0,2390.0,1128.0,190.0,3047.0,1885.0,666.0,,,,,,,1590.0,520.0,81.0,1255.0,973.0,301.0,2030,647,348,2329,583,359,5693,2738,757,5231,3276,909,2018,5813568,986483,41362,60773,0.11046939067665075,0.0790849095362661,0.4972347913524384,0.135,0.047,0.063,0.174,0.061,0.11199999999999999,0.8527023335755254,0.06375293107434195,0.00866318240364609,0.028447246166209805,0.0003373143652916763,0.020895085427744202,0.025201906987240882,0.43219802064505924
23,23,"Puerto Rico: Summary level: 040, state:72",661216,379196,116432,17387,20296,9.2,2.6,187615,174204,128683,89096,81618,3165711,1363666,653327,249581,90.8,287877,373339,14.1,15.8,17.2,32.1,14.7,26.8,19143,26656,492527,1179637,653327,4486,Puerto Rico,72,"Puerto Rico: Summary level: 040, state:72",2079304,400936,4013,5144,767,551773,153216,3195153,106263,63274,22262,135866,85797,35861,22041.0,11289.0,3239.0,22134.0,14838.0,4862.0,,,,,,,,,,,,,,,,,,,26876.0,14070.0,4958.0,30409.0,18017.0,7012.0,7847,3687,1539,9591,5989,1824,161392,91095,31886,197112,124485,49114,2018,3195153,661216,17387,20296,0.4307613676674845,0.3820154379047552,0.47589098532494756,0.141,0.158,0.172,0.321,0.147,0.268,0.6507682104738021,0.12548256687551426,0.0012559648943258742,0.0016099385538032138,0.0002400511024041728,0.17269063484596825,0.04795263325418219,0.2900701132458985
24,24,"Kansas: Summary level: 040, state:20",462191,418562,133729,42989,58218,28.4,7.0,157273,106777,78558,55797,63786,2825680,338175,443575,35287,99.2,207120,255071,17.3,6.1,8.2,22.1,6.9,13.2,45622,40684,82465,1133408,443575,2049,Kansas,20,"Kansas: Summary level: 040, state:20",2446823,171141,26829,82444,2929,73293,108051,2911510,115923,53600,22344,125060,72214,37870,5189.0,1471.0,945.0,5599.0,3299.0,1492.0,544.0,123.0,72.0,897.0,340.0,220.0,1801.0,710.0,164.0,3255.0,673.0,240.0,,,,,,,1692.0,372.0,13.0,1400.0,185.0,158.0,1468,442,20,889,879,248,5727,2221,339,5510,2783,1028,2018,2911510,462191,42989,58218,0.11967915687551316,0.07955137237220312,0.497991967871486,0.17300000000000001,0.061,0.08199999999999999,0.221,0.069,0.132,0.8403965639822635,0.058780838808728114,0.009214806062833375,0.028316577995610524,0.0010060071921442824,0.02517353538198392,0.03711167057643628,0.4151249158897512
25,25,"Virginia: Summary level: 040, state:51",1318225,1116002,434616,51401,72577,27.3,7.7,445145,334357,235977,154560,148186,8264095,884647,1292388,108340,96.9,584381,733844,13.7,6.3,8.3,20.9,7.9,14.0,142473,113214,251693,3175524,1292388,13976,Virginia,51,"Virginia: Summary level: 040, state:51",5737580,1631512,22265,555422,5659,215743,349504,8517685,282383,135257,43130,314794,171849,75945,56626.0,21955.0,7182.0,71520.0,35366.0,14397.0,641.0,284.0,0.0,1271.0,493.0,189.0,16624.0,8496.0,1776.0,22298.0,10464.0,3392.0,,,,,,,1751.0,1020.0,348.0,2443.0,949.0,177.0,4014,2235,456,4782,2139,1194,11247,4354,1247,13828,6941,2426,2018,8517685,1318225,51401,72577,0.1070470511290105,0.08382931441641364,0.4921279837480955,0.13699999999999998,0.063,0.083,0.209,0.079,0.14,0.6736079110697332,0.19154406390938383,0.002613973162895787,0.06520809351367185,0.0006643823996778467,0.02532883054491919,0.04103274539971835,0.3495382047829468
26,26,"North Dakota: Summary level: 040, state:38",116433,100845,26133,44824,63837,29.6,8.2,37728,26319,18784,15163,18439,736671,78676,110254,11338,106.1,53766,62667,17.3,7.3,6.3,20.8,4.9,11.2,12216,10169,22273,319355,110254,446,North Dakota,38,"North Dakota: Summary level: 040, state:38",651687,25896,41270,13749,339,9569,17567,760077,30792,13915,7022,30584,18791,11090,11.0,291.0,0.0,0.0,0.0,0.0,774.0,271.0,79.0,821.0,414.0,151.0,242.0,24.0,0.0,150.0,133.0,0.0,,,,,,,,,,,,,56,10,90,304,68,7,191,167,72,380,40,48,2018,760077,116433,44824,63837,0.10679937176840136,0.10283527128267456,0.514798641436196,0.17300000000000001,0.073,0.063,0.20800000000000002,0.049,0.11199999999999999,0.8573960269814769,0.03407023235803741,0.054297130422312476,0.018088956776747617,0.00044600744398264915,0.012589513957138553,0.023112132060304418,0.44428126046739325
27,27,"New Jersey: Summary level: 040, state:34",1438289,1221109,451081,53637,81740,30.7,8.1,450093,362260,259900,170278,195758,8739304,832133,1400772,111863,95.4,620523,817766,11.0,5.2,7.2,20.2,7.6,13.5,84652,101690,265127,3249567,1400772,13937,New Jersey,34,"New Jersey: Summary level: 040, state:34",5956539,1207995,21131,868213,2909,604334,247399,8908520,291558,144107,57876,331818,195606,110871,35289.0,17780.0,4011.0,52658.0,28431.0,10766.0,306.0,361.0,215.0,543.0,171.0,195.0,28643.0,13789.0,3607.0,34096.0,16438.0,4166.0,,,,,,,11991.0,3376.0,939.0,16248.0,5516.0,2136.0,4398,1769,508,4723,2762,468,40407,16650,6098,50651,24001,10555,2018,8908520,1438289,53637,81740,0.09521730792291926,0.07985810681538466,0.4882292732855681,0.11,0.052000000000000005,0.07200000000000001,0.20199999999999999,0.076,0.135,0.6686339594006636,0.13559996497734753,0.0023719989403402585,0.097458724906045,0.00032654133346504243,0.06783775531738157,0.027771055124756975,0.34314452797733974
28,28,"Ohio: Summary level: 040, state:39",1996163,1731636,461558,41406,56111,24.6,6.3,657980,494381,363833,231684,248285,11362304,1578673,1928764,166335,96.2,874877,1121286,13.8,6.1,7.9,21.2,7.2,13.8,187810,164378,574291,4685447,1928764,9094,Ohio,39,"Ohio: Summary level: 040, state:39",9470940,1446306,25672,271762,4228,112136,358398,11689442,478279,228468,76491,536062,301204,148292,46798.0,19554.0,5686.0,61743.0,32731.0,13739.0,490.0,474.0,55.0,956.0,453.0,41.0,6420.0,3304.0,929.0,9403.0,3477.0,1901.0,,,,,,,1732.0,452.0,29.0,2441.0,752.0,311.0,3446,2030,215,4387,2575,596,7624,2844,848,10537,3692,1645,2018,11689442,1996163,41406,56111,0.13893951438018204,0.08623916663728688,0.490316004077472,0.138,0.061,0.079,0.212,0.07200000000000001,0.138,0.8102131821176751,0.12372754832950965,0.002196169842837665,0.02324850065554883,0.0003616939114801203,0.009592930098801978,0.030659975044146675,0.39237176523159684
29,29,"South Carolina: Summary level: 040, state:45",899754,761542,237261,42161,52306,21.4,6.7,302807,250255,163462,98458,84772,4944754,755215,881656,83540,94.4,399256,500498,13.6,6.4,8.9,21.4,7.8,13.7,103229,74090,220112,1927991,881656,2341,South Carolina,45,"South Carolina: Summary level: 040, state:45",3407706,1353599,23672,80969,4004,92980,121197,5084127,196716,94858,24029,222866,113341,44767,52619.0,19261.0,4176.0,68024.0,29631.0,10981.0,742.0,217.0,0.0,536.0,189.0,71.0,1894.0,944.0,0.0,3057.0,1091.0,431.0,,,,,,,1015.0,718.0,0.0,1587.0,410.0,41.0,1308,477,250,2451,783,26,3564,2116,138,6462,1684,853,2018,5084127,899754,42161,52306,0.1527305503974515,0.09475350930521655,0.48559670781893005,0.136,0.064,0.08900000000000001,0.214,0.078,0.13699999999999998,0.6702637443950554,0.26624020210352733,0.004656059929266126,0.015925841348967087,0.000787549170191854,0.018288292168940706,0.02383831088405148,0.3507658760061083
30,30,"Georgia: Summary level: 040, state:13",1456428,1213972,387689,42781,58756,23.0,7.2,497054,399894,259680,157000,142800,10238658,1468642,1425799,145725,94.8,633675,822753,13.8,6.5,8.3,21.7,6.9,13.5,152389,104965,453168,3803012,1425799,12413,Georgia,13,"Georgia: Summary level: 040, state:13",6127645,3319691,34485,436051,14049,301148,286406,10519475,291253,139481,37645,333002,176317,70295,95588.0,32521.0,7952.0,133276.0,52036.0,20987.0,679.0,429.0,0.0,1901.0,120.0,99.0,11007.0,4574.0,1200.0,13523.0,6337.0,2863.0,,,,,,,4782.0,491.0,215.0,2980.0,1081.0,593.0,3749,1259,780,5105,1715,171,12006,5422,1173,13233,6496,2053,2018,10519475,1456428,42781,58756,0.14344086891074984,0.1022058508948316,0.48665297741273095,0.138,0.065,0.083,0.217,0.069,0.135,0.5825048303266085,0.31557572977738907,0.0032782054237497594,0.04145178347778763,0.0013355229229595584,0.02862766440340416,0.027226263668101307,0.3215943390267147
31,31,"Colorado: Summary level: 040, state:08",807855,737750,315996,51537,71953,28.8,7.6,284168,218250,132153,85878,87406,5577020,537492,793630,58878,101.2,369328,438527,15.0,5.4,6.5,17.7,5.3,11.1,90124,72267,156794,2176757,793630,6570,Colorado,8,"Colorado: Summary level: 040, state:08",4790677,237578,55146,180277,7585,196831,227470,5695564,217892,91372,30171,236091,110516,51622,6366.0,2169.0,558.0,7219.0,3580.0,1240.0,1765.0,456.0,37.0,2218.0,813.0,519.0,5417.0,1748.0,389.0,7998.0,2233.0,1185.0,611.0,0.0,116.0,221.0,330.0,0.0,4618.0,1416.0,334.0,5360.0,1209.0,955.0,3254,504,135,3388,1685,145,24404,11310,2622,28175,13544,5065,2018,5695564,807855,51537,71953,0.0963762009101635,0.07418822373146176,0.5029821073558649,0.15,0.054000000000000006,0.065,0.177,0.053,0.111,0.8411242503815249,0.04171281369149745,0.009682272027844828,0.03165217702759551,0.0013317381737787512,0.034558649503367886,0.039938099194390585,0.4201682232578866
32,32,"Hawaii: Summary level: 040, state:15",261467,224990,82230,65078,80212,31.9,8.0,84573,64799,41413,30609,40073,1382448,122143,257264,16792,100.1,118699,142768,14.1,5.2,9.7,18.6,7.1,14.9,25460,22342,45590,455309,257264,1041,Hawaii,15,"Hawaii: Summary level: 040, state:15",345652,28325,3237,534479,144971,18052,345775,1420491,24692,9368,2988,22107,8409,4842,697.0,98.0,0.0,470.0,186.0,0.0,,,,,,,32818.0,17264.0,9074.0,38812.0,23945.0,18617.0,4772.0,2609.0,453.0,5566.0,3014.0,1080.0,435.0,217.0,0.0,495.0,71.0,55.0,8316,2866,1453,9720,3930,1366,2536,963,117,3069,1068,407,2018,1420491,261467,65078,80212,0.08835269030010533,0.06527147210647428,0.5002498750624688,0.141,0.052000000000000005,0.09699999999999999,0.18600000000000003,0.071,0.149,0.2433327631079676,0.01994028825244229,0.002278789517145832,0.37626355957200713,0.10205696481005512,0.012708281854654483,0.24341935288572755,0.14169283312999345
33,33,"South Dakota: Summary level: 040, state:46",146358,131870,37505,42361,56274,34.5,9.9,48917,36105,23706,15869,21761,852419,111626,139869,12603,101.9,67984,78374,13.6,4.7,5.2,18.4,4.6,9.3,15299,13203,28102,345449,139869,549,South Dakota,46,"South Dakota: Summary level: 040, state:46",740870,19057,78068,15023,51,5782,23384,882235,40022,17414,7357,39473,20997,13887,355.0,0.0,149.0,417.0,4.0,0.0,1777.0,213.0,144.0,1897.0,700.0,224.0,201.0,23.0,0.0,308.0,135.0,0.0,,,,,,,,,,,,,127,81,0,192,8,0,178,267,10,262,229,15,2018,882235,146358,42361,56274,0.13095203180595458,0.0901057418012569,0.5047052996532937,0.136,0.047,0.052000000000000005,0.184,0.046,0.09300000000000001,0.8397649152436709,0.02160082064302595,0.08848889468225586,0.01702834278848606,5.780772696617114e-05,0.0065538093591843444,0.026505409556410706,0.442702141324697
34,34,"Indiana: Summary level: 040, state:18",1051146,907541,229108,41342,55746,24.8,7.5,349960,263739,189014,121856,126577,6489261,852638,1015888,80176,97.1,462537,588609,15.1,6.1,7.8,22.1,7.0,12.6,105268,86426,230522,2599169,1015888,6425,Indiana,18,"Indiana: Summary level: 040, state:18",5539927,637277,14040,154220,3470,162303,180641,6691878,261859,122098,40704,293586,165215,75687,17896.0,6154.0,2900.0,22939.0,11841.0,4344.0,688.0,47.0,0.0,254.0,278.0,114.0,2456.0,1555.0,171.0,5251.0,1279.0,874.0,,,,,,,2651.0,707.0,397.0,1742.0,428.0,706.0,1682,222,109,2408,961,430,6142,2346,1268,5868,2877,1497,2018,6691878,1051146,41342,55746,0.13139215698058684,0.07892208589923298,0.4926433282597666,0.151,0.061,0.078,0.221,0.07,0.126,0.8278583381227214,0.09523141336408106,0.002098065744772992,0.023045847518439518,0.0005185390409089944,0.024253729670505052,0.026994066538571084,0.40399811253622236
35,35,"Kentucky: Summary level: 040, state:21",731392,587458,151124,38254,50247,21.9,6.7,244510,190955,127372,89907,78648,4326305,730408,709516,72488,96.9,323392,408000,17.2,7.9,10.3,25.9,9.0,16.0,70787,54098,229058,1732713,709516,2368,Kentucky,21,"Kentucky: Summary level: 040, state:21",3875023,354761,8470,65300,4943,51887,108018,4468402,189418,86962,25229,213307,115765,48147,10785.0,3910.0,1471.0,14236.0,7052.0,2872.0,,,,,,,1603.0,197.0,112.0,1846.0,1007.0,176.0,,,,,,,274.0,371.0,101.0,283.0,163.0,241.0,1741,680,55,1388,684,228,2230,787,229,2142,1411,607,2018,4468402,731392,38254,50247,0.16882952080354946,0.10216541980730526,0.4921279837480955,0.172,0.079,0.10300000000000001,0.259,0.09,0.16,0.8672055468599289,0.07939325960376886,0.0018955322282999604,0.014613725443682104,0.001106212019419918,0.011611981195962226,0.024173742648938033,0.4123766735211761
36,36,"Louisiana: Summary level: 040, state:22",720610,593406,158832,36345,47905,23.0,7.0,251901,182996,128374,83495,73844,4529028,843626,698885,86719,95.5,315499,405111,15.1,8.2,9.2,24.7,9.2,15.3,65459,53537,260842,1737220,698885,4424,Louisiana,22,"Louisiana: Summary level: 040, state:22",2877115,1509407,25657,76255,1133,65366,105045,4659978,144673,67777,20575,159251,88951,37615,51952.0,17538.0,4631.0,65982.0,31800.0,9663.0,1062.0,515.0,81.0,1148.0,444.0,282.0,2044.0,1178.0,95.0,3105.0,1194.0,218.0,,,,,,,846.0,27.0,59.0,1102.0,846.0,75.0,1551,612,216,2119,946,303,6405,2175,293,5866,3094,1209,2018,4659978,720610,36345,47905,0.18627087313215993,0.12408193050358786,0.4884910485933504,0.151,0.08199999999999999,0.092,0.247,0.092,0.153,0.6174095671696305,0.3239086107273468,0.005505819984557867,0.0163638111596235,0.00024313419505413974,0.014027104848992849,0.022541951914794446,0.32337186550283786
37,37,"Washington: Summary level: 040, state:53",1163987,1068268,396100,52150,74073,24.0,5.5,396212,314569,202049,123101,128056,7400557,759013,1143817,82890,100.0,532355,631632,15.6,5.6,8.3,20.6,7.4,13.0,137268,102322,320915,2895575,1143817,6242,Washington,53,"Washington: Summary level: 040, state:53",5633263,291808,97329,661781,53924,344853,452633,7535591,293337,130657,42951,319880,155539,72724,9410.0,2103.0,875.0,7157.0,2930.0,1560.0,2764.0,2028.0,157.0,4280.0,1772.0,328.0,20141.0,9478.0,2571.0,27211.0,13635.0,5254.0,1321.0,298.0,41.0,910.0,312.0,128.0,6002.0,1223.0,98.0,4559.0,1616.0,313.0,5086,1572,242,8723,1987,814,14122,5502,885,14741,5924,1407,2018,7535591,1163987,52150,74073,0.10256160448463542,0.07246788603421701,0.5,0.156,0.055999999999999994,0.083,0.20600000000000002,0.07400000000000001,0.13,0.7475542396077494,0.03872397002438163,0.01291590798916767,0.08782071638442161,0.007155908541214617,0.04576323210747505,0.06006602534559002,0.4011599785908262
38,38,"Illinois: Summary level: 040, state:17",1990548,1705568,535630,44955,65030,25.9,6.9,642172,501157,355876,231775,259568,12447271,1509247,1925536,170362,96.8,869736,1120812,12.3,5.8,7.1,20.6,7.4,13.6,157731,144149,599358,4864864,1925536,17388,Illinois,17,"Illinois: Summary level: 040, state:17",9135145,1793079,35846,717938,5317,712778,340977,12741080,431870,207534,74476,478968,270813,147574,56567.0,26424.0,6741.0,80263.0,42778.0,17636.0,945.0,199.0,173.0,714.0,1162.0,167.0,25939.0,11273.0,2498.0,30688.0,15329.0,4699.0,,,,,,,12897.0,2992.0,2207.0,13116.0,6181.0,2113.0,5111,1263,518,6069,1643,708,43007,16077,4807,44863,20766,7976,2018,12741080,1990548,44955,65030,0.12125123651602025,0.08847510511358915,0.49186991869918695,0.12300000000000001,0.057999999999999996,0.071,0.20600000000000002,0.07400000000000001,0.136,0.7169835681119654,0.14073210434280298,0.002813419270579888,0.05634828444684438,0.0004173115622851438,0.05594329523085955,0.02676201703466268,0.35863490857793934
39,39,"Iowa: Summary level: 040, state:19",537818,486601,121925,42995,59955,28.2,7.6,170823,128510,94950,67919,75616,3055939,343504,515705,36603,98.3,239515,298303,14.9,4.9,6.1,17.6,5.7,11.1,53817,48845,122222,1267873,515705,1205,Iowa,19,"Iowa: Summary level: 040, state:19",2846099,115137,11494,79971,3463,30713,69268,3156145,139792,69161,25229,150308,89032,49558,2233.0,307.0,0.0,1715.0,1352.0,112.0,353.0,6.0,44.0,234.0,459.0,113.0,619.0,520.0,0.0,2162.0,1393.0,282.0,,,,,,,472.0,0.0,45.0,194.0,69.0,0.0,387,241,45,844,284,188,2188,463,392,2131,796,357,2018,3156145,537818,42995,59955,0.11240538505513363,0.0709766242328463,0.49571356530509325,0.149,0.049,0.061,0.17600000000000002,0.057,0.111,0.9017643359224624,0.03648026310578253,0.00364178451877211,0.025338189468481327,0.0010972246205418318,0.009731175215333896,0.021947027148625935,0.43542982942184905
40,40,"New Hampshire: Summary level: 040, state:33",245156,220247,84361,50240,74991,31.5,8.6,82404,64195,42049,25684,30824,1312006,100220,236935,13089,97.4,112102,133054,14.9,4.6,6.2,16.5,5.6,9.6,25813,23543,35405,531212,236935,828,New Hampshire,33,"New Hampshire: Summary level: 040, state:33",1253931,23432,3562,36048,515,9013,29957,1356458,68843,29447,10926,73755,36299,19322,683.0,0.0,147.0,160.0,0.0,122.0,,,,,,,473.0,305.0,0.0,602.0,714.0,105.0,,,,,,,208.0,112.0,0.0,185.0,169.0,102.0,582,165,31,441,522,69,794,330,168,1141,287,280,2018,1356458,245156,50240,74991,0.07638684579186375,0.0552429991347838,0.49341438703140833,0.149,0.046,0.062,0.165,0.055999999999999994,0.096,0.9244156472223983,0.01727440141898975,0.002625956719633044,0.026575094842597412,0.00037966527529787136,0.006644510924776145,0.02208472359630744,0.44549592912268104
41,41,"Rhode Island: Summary level: 040, state:44",182645,151394,55509,42424,64340,25.6,6.7,56430,46841,31082,21833,26459,1016469,131205,175434,19700,95.3,79555,103090,14.1,5.6,7.9,20.2,8.0,13.7,16472,14676,62734,406573,175434,666,Rhode Island,44,"Rhode Island: Summary level: 040, state:44",852805,70749,4341,36064,883,59743,32730,1057315,43734,20872,7729,49936,27672,16892,2320.0,581.0,11.0,1575.0,1107.0,338.0,,,,,,,1073.0,255.0,285.0,729.0,531.0,114.0,,,,,,,847.0,377.0,260.0,1248.0,1088.0,545.0,872,118,85,403,314,120,2694,1188,196,3589,1257,799,2018,1057315,182645,42424,64340,0.12907919474179733,0.11229294207508236,0.48796722990271374,0.141,0.055999999999999994,0.079,0.20199999999999999,0.08,0.13699999999999998,0.8065760913256693,0.06691383362574067,0.004105682790842843,0.03410904035221292,0.0008351342788100046,0.056504447586575426,0.030955770040148867,0.3960415012729612
42,42,"Arkansas: Summary level: 040, state:05",507676,419010,107553,37762,47062,22.3,6.7,162356,134452,97211,57488,56169,2925448,504504,490892,50282,96.1,226122,281554,17.6,7.8,9.8,28.3,9.7,16.5,51389,40982,131342,1156347,490892,2635,Arkansas,5,"Arkansas: Summary level: 040, state:05",2306096,456714,20951,47548,9398,84917,88201,3013825,118648,62170,18251,133693,78760,32035,15004.0,5225.0,1199.0,19938.0,6489.0,3777.0,950.0,86.0,0.0,831.0,148.0,87.0,823.0,312.0,0.0,1703.0,346.0,52.0,56.0,48.0,0.0,0.0,0.0,21.0,791.0,87.0,210.0,429.0,184.0,66.0,1883,284,95,2059,560,376,2753,685,571,2072,1005,460,2018,3013825,507676,37762,47062,0.17245358659596752,0.10242986237298632,0.49005609382967874,0.17600000000000002,0.078,0.098,0.28300000000000003,0.09699999999999999,0.165,0.7651724967441706,0.15153965475765846,0.00695163123273581,0.015776629366336798,0.0031182965168846896,0.02817582308196395,0.029265468300249682,0.39211820137252895
43,43,"Delaware: Summary level: 040, state:10",180756,159155,55314,54744,64805,26.1,8.8,59895,48000,36377,17880,18604,940786,117242,176887,10872,93.7,80979,99777,11.8,4.0,7.0,18.7,5.1,11.0,18765,16768,41515,367671,176887,867,Delaware,10,"Delaware: Summary level: 040, state:10",659781,217594,4397,39023,896,19652,25828,967171,40555,19308,6777,45718,24786,9742,7042.0,3256.0,755.0,9344.0,4987.0,1082.0,,,,,,,1091.0,659.0,73.0,1772.0,766.0,58.0,,,,,,,294.0,0.0,0.0,535.0,37.0,6.0,257,96,0,478,69,0,1205,708,96,1183,872,130,2018,967171,180756,54744,64805,0.12462132727315245,0.061462967883451014,0.4837377387712959,0.11800000000000001,0.04,0.07,0.187,0.051,0.11,0.6821761611959002,0.22497986395373723,0.004546248801918172,0.040347570388276736,0.0009264132195857816,0.020319054231361364,0.0267046882092205,0.36867379229458497
44,44,"Minnesota: Summary level: 040, state:27",888634,814400,263333,47054,70315,26.9,6.9,296038,214448,156062,106713,115373,5488344,529077,858352,65054,99.2,403054,485580,14.1,4.7,6.1,17.6,5.8,11.2,85175,80700,160758,2194452,858352,2810,Minnesota,27,"Minnesota: Summary level: 040, state:27",4629375,367653,60983,273126,2396,102814,174832,5611179,230703,109491,41448,246517,141031,69914,5986.0,2083.0,508.0,6882.0,3174.0,923.0,1675.0,289.0,186.0,1824.0,457.0,55.0,4660.0,1978.0,550.0,6342.0,2416.0,1215.0,,,,,,,761.0,462.0,68.0,1170.0,342.0,28.0,1688,360,147,2162,692,309,3093,1322,398,3815,1701,254,2018,5611179,888634,47054,70315,0.09640011631923946,0.07578941972524093,0.497991967871486,0.141,0.047,0.061,0.17600000000000002,0.057999999999999996,0.11199999999999999,0.8250271467012548,0.06552152408611452,0.010868125932179316,0.04867533186875699,0.0004270047346555866,0.018323065437762725,0.031157801239276094,0.4294704006373828
45,45,"Montana: Summary level: 040, state:30",200239,183647,60539,42745,55328,27.1,8.2,68698,52357,37014,21417,20753,1037462,135114,195471,18420,101.4,96193,104046,16.0,5.0,7.1,17.1,5.3,9.5,25099,18346,38358,431421,195471,783,Montana,30,"Montana: Summary level: 040, state:30",941438,5056,68013,8517,990,5828,32463,1062305,56816,26791,7662,56462,29115,12383,,,,,,,2350.0,495.0,114.0,2160.0,858.0,208.0,363.0,0.0,146.0,518.0,195.0,61.0,,,,,,,,,,,,,918,145,64,1103,487,49,816,179,166,907,368,0,2018,1062305,200239,42745,55328,0.1302351315036117,0.09423392728333103,0.5034756703078451,0.16,0.05,0.071,0.171,0.053,0.095,0.8862219419093387,0.004759461736506936,0.0640239855785297,0.008017471441817556,0.0009319357435011602,0.005486183346590668,0.030559020243715318,0.45580031861925
46,46,"Arizona: Summary level: 040, state:04",1259103,1102094,372926,46152,59246,21.2,5.8,391251,336705,246493,151915,132739,7013444,983499,1247263,106807,98.9,579400,679703,15.8,6.4,7.8,20.0,6.2,11.8,135312,125542,271775,2614298,1247263,9589,Arizona,4,"Arizona: Summary level: 040, state:04",5590505,336340,330599,237873,15661,373688,286980,7171646,301407,173341,47835,339971,190187,73748,9411.0,3729.0,462.0,11031.0,3879.0,1869.0,8653.0,3124.0,1209.0,10079.0,5171.0,1893.0,7208.0,2481.0,1178.0,11421.0,4943.0,1567.0,722.0,0.0,0.0,260.0,135.0,0.0,7574.0,2174.0,912.0,8796.0,4369.0,1017.0,5452,2138,390,5971,2737,659,46357,19958,4527,54197,25901,9131,2018,7171646,1259103,46152,59246,0.1402305343851038,0.08563310224066616,0.4972347913524384,0.158,0.064,0.078,0.2,0.062,0.11800000000000001,0.7795288557187569,0.04689857809490318,0.04609806451684871,0.03316853620493817,0.0021837385727070187,0.052106308649367244,0.040015918242478785,0.415043884416128
47,47,"Florida: Summary level: 040, state:12",4358784,3737163,1266955,43804,55462,22.0,6.1,1291213,1113021,836522,557028,561000,20882651,2840977,4291416,454105,95.5,1965555,2393229,13.3,6.1,8.2,20.8,7.2,13.1,373804,406695,1077869,7809358,4291416,50826,Florida,12,"Florida: Summary level: 040, state:12",15899574,3410741,59870,593634,12841,708740,613925,21299325,948127,568578,198847,1086290,659893,308666,107889.0,45752.0,12579.0,135948.0,64400.0,25274.0,2467.0,919.0,160.0,2575.0,886.0,169.0,21186.0,11235.0,2180.0,33552.0,12462.0,4438.0,546.0,28.0,0.0,1307.0,148.0,63.0,16809.0,5541.0,1743.0,19762.0,10348.0,2853.0,12680,6516,1773,15096,6844,2255,161617,81718,33601,209172,123363,58751,2018,21299325,4358784,43804,55462,0.1360448441148588,0.10581705432426033,0.4884910485933504,0.133,0.061,0.08199999999999999,0.20800000000000002,0.07200000000000001,0.131,0.746482529375931,0.16013376010742125,0.0028108871994769785,0.02787102408174907,0.0006028829552110219,0.03327523290057314,0.02882368337963762,0.3935849998531701
48,48,"Massachusetts: Summary level: 040, state:25",1137541,975802,402067,49756,79835,31.5,8.2,365760,290786,196148,131118,153729,6665083,663918,1103337,100151,94.4,492790,644751,12.7,5.1,7.5,19.0,7.5,13.8,78218,90142,301025,2624294,1103337,3773,Massachusetts,25,"Massachusetts: Summary level: 040, state:25",5335175,537523,16198,472403,2775,303331,234744,6902149,267840,124465,47184,308874,166849,95403,14489.0,5928.0,964.0,18524.0,8320.0,3819.0,771.0,159.0,165.0,615.0,86.0,256.0,12194.0,5796.0,1295.0,14423.0,7380.0,2406.0,,,,,,,5332.0,1794.0,486.0,6245.0,3579.0,1244.0,2659,1213,56,4580,1697,451,15190,5424,694,19614,9028,2473,2018,6902149,1137541,49756,79835,0.09961136267920445,0.09077099743777287,0.48559670781893005,0.127,0.051,0.075,0.19,0.075,0.138,0.772973026227049,0.07787762912681254,0.0023468053210673953,0.06844288641117426,0.00040204869526867646,0.04394732712956501,0.03401027708906313,0.38635003046044053
49,49,"District of Columbia: Summary level: 040, state:11",85626,72232,38742,50873,85203,31.2,8.1,25837,22996,16161,9731,10901,669031,108055,83460,13957,90.8,35230,50396,8.8,7.3,11.2,24.8,8.7,16.2,4003,6180,40353,287476,83460,459,District of Columbia,11,"District of Columbia: Summary level: 040, state:11",296747,319777,1932,27538,397,30897,25167,702455,8671,4600,1517,10223,5332,2021,11253.0,4493.0,2685.0,16006.0,10069.0,4377.0,,,,,,,577.0,458.0,83.0,797.0,382.0,0.0,,,,,,,121.0,0.0,0.0,92.0,0.0,0.0,182,272,27,710,196,191,804,981,0,1606,989,256,2018,702455,85626,50873,85203,0.16150970582828,0.1672298106877546,0.47589098532494756,0.08800000000000001,0.073,0.11199999999999999,0.248,0.087,0.162,0.4224427187506673,0.45522773700806457,0.002750354115210227,0.0392025111928878,0.0005651607576286025,0.04398431216234492,0.035827206013196576,0.17270455235559293
50,50,"Utah: Summary level: 040, state:49",351297,324513,117665,53670,71414,26.6,5.9,120686,91520,59154,44674,35263,3110944,280773,346723,21055,101.5,164068,187229,15.7,5.6,7.0,18.2,5.8,12.0,30671,29810,64722,998891,346751,3490,Utah,49,"Utah: Summary level: 040, state:49",2708195,40365,34678,75898,29362,171456,101151,3161105,94107,46387,13193,102600,53269,20518,785.0,66.0,40.0,600.0,236.0,79.0,884.0,144.0,127.0,766.0,251.0,91.0,1965.0,587.0,259.0,3172.0,914.0,240.0,479.0,131.0,180.0,578.0,438.0,0.0,2683.0,800.0,0.0,1524.0,256.0,374.0,960,205,86,1103,144,76,7212,2611,574,7722,2541,955,2018,3161105,351297,53670,71414,0.09025331217791127,0.060725708995365175,0.5037220843672456,0.157,0.055999999999999994,0.07,0.182,0.057999999999999996,0.12,0.8567241518393094,0.012769268973982199,0.010970214529412974,0.02400995854297785,0.009288524107867345,0.05423926127097961,0.03199862073547067,0.4374845216440789
51,51,"New York: Summary level: 040, state:36",3212065,2623736,946417,45302,67844,26.3,7.2,998749,812846,573314,394527,432629,19037564,2591391,3116844,367606,94.4,1381107,1830958,10.9,5.7,8.0,21.0,8.4,14.7,186084,201752,1072330,7367015,3116844,23315,New York,36,"New York: Summary level: 040, state:36",12375601,3069259,84312,1666113,9424,1689845,647655,19542209,618823,305627,121117,698653,413484,227493,97880.0,44596.0,11794.0,139970.0,81173.0,34048.0,3801.0,1156.0,326.0,3272.0,804.0,193.0,63250.0,28062.0,7111.0,69287.0,36429.0,12867.0,,,,,,,36948.0,15438.0,5301.0,49077.0,27605.0,9035.0,11189,6962,1213,18795,6164,2024,91635,41991,12591,121381,69273,26978,2018,19542209,3212065,45302,67844,0.13611988382547263,0.11794173850215153,0.48559670781893005,0.109,0.057,0.08,0.21,0.084,0.147,0.6332754398440832,0.15705793546676325,0.004314353612736411,0.08525714774619389,0.00048223821575135137,0.08647154474706518,0.03314134036740678,0.3255124040142401
